index,id,url
1,bdae51f7-54f0-4fef-8511-8a818662aad4,https://upload.wikimedia.org/wikipedia/commons/thumb/b/b6/SIPI_Jelly_Beans_4.1.07.tiff/lossy-page1-440px-SIPI_Jelly_Beans_4.1.07.tiff.jpg
2,6c25fb7b-096e-4983-a560-7db821f5dc3c,https://upload.wikimedia.org/wikipedia/commons/thumb/b/b6/SIPI_Jelly_Beans_4.1.07.tiff/lossy-page1-440px-SIPI_Jelly_Beans_4.1.07.tiff.jpg
3,d711badc-ab97-49d8-8f7a-dd1e2609acd7,https://upload.wikimedia.org/wikipedia/commons/thumb/b/b6/SIPI_Jelly_Beans_4.1.07.tiff/lossy-page1-440px-SIPI_Jelly_Beans_4.1.07.tiff.jpg
4,a7b029ea-81ba-4a1d-9bab-363522e7c595,https://upload.wikimedia.org/wikipedia/commons/thumb/b/b6/SIPI_Jelly_Beans_4.1.07.tiff/lossy-page1-440px-SIPI_Jelly_Beans_4.1.07.tiff.jpg
5,117763b5-92d2-4834-b798-86b7f2354207,https://upload.wikimedia.org/wikipedia/commons/thumb/b/b6/SIPI_Jelly_Beans_4.1.07.tiff/lossy-page1-440px-SIPI_Jelly_Beans_4.1.07.tiff.jpg
6,128cd62e-81ae-4069-8835-2c76354132dc,https://upload.wikimedia.org/wikipedia/commons/thumb/b/b6/SIPI_Jelly_Beans_4.1.07.tiff/lossy-page1-440px-SIPI_Jelly_Beans_4.1.07.tiff.jpg
7,1004a12f-ef34-4944-8019-f89918d736ae,https://upload.wikimedia.org/wikipedia/commons/thumb/b/b6/SIPI_Jelly_Beans_4.1.07.tiff/lossy-page1-440px-SIPI_Jelly_Beans_4.1.07.tiff.jpg
8,c02eae3b-f351-4868-b2b6-c806a4dd88dd,https://upload.wikimedia.org/wikipedia/commons/thumb/b/b6/SIPI_Jelly_Beans_4.1.07.tiff/lossy-page1-440px-SIPI_Jelly_Beans_4.1.07.tiff.jpg
9,a180cdb3-0dad-4fe2-ab01-67deada9250f,https://upload.wikimedia.org/wikipedia/commons/thumb/b/b6/SIPI_Jelly_Beans_4.1.07.tiff/lossy-page1-440px-SIPI_Jelly_Beans_4.1.07.tiff.jpg
10,dd18f2f0-782f-4b24-9fc9-7096f8e2bd7b,https://upload.wikimedia.org/wikipedia/commons/thumb/b/b6/SIPI_Jelly_Beans_4.1.07.tiff/lossy-page1-440px-SIPI_Jelly_Beans_4.1.07.tiff.jpg
11,d64a4a38-a528-4844-b411-b9d7da60cf3d,https://upload.wikimedia.org/wikipedia/commons/thumb/b/b6/SIPI_Jelly_Beans_4.1.07.tiff/lossy-page1-440px-SIPI_Jelly_Beans_4.1.07.tiff.jpg
12,10a27c5a-1da1-491a-bbb1-3077edbe66ce,https://upload.wikimedia.org/wikipedia/commons/thumb/b/b6/SIPI_Jelly_Beans_4.1.07.tiff/lossy-page1-440px-SIPI_Jelly_Beans_4.1.07.tiff.jpg
13,9f858b49-9b75-41d5-a0f5-f4a1980b736f,https://upload.wikimedia.org/wikipedia/commons/thumb/b/b6/SIPI_Jelly_Beans_4.1.07.tiff/lossy-page1-440px-SIPI_Jelly_Beans_4.1.07.tiff.jpg
14,8d0c669a-f272-41e3-b7d8-919ec4e1a2f8,https://upload.wikimedia.org/wikipedia/commons/thumb/b/b6/SIPI_Jelly_Beans_4.1.07.tiff/lossy-page1-440px-SIPI_Jelly_Beans_4.1.07.tiff.jpg
15,dd86707e-0505-4a50-971c-87f2f845ad42,https://upload.wikimedia.org/wikipedia/commons/thumb/b/b6/SIPI_Jelly_Beans_4.1.07.tiff/lossy-page1-440px-SIPI_Jelly_Beans_4.1.07.tiff.jpg
16,2e2c0e11-ed77-4dbd-a006-5237db447969,https://upload.wikimedia.org/wikipedia/commons/thumb/b/b6/SIPI_Jelly_Beans_4.1.07.tiff/lossy-page1-440px-SIPI_Jelly_Beans_4.1.07.tiff.jpg
17,4664e255-f701-418b-997a-a8304ccffa5e,https://upload.wikimedia.org/wikipedia/commons/thumb/b/b6/SIPI_Jelly_Beans_4.1.07.tiff/lossy-page1-440px-SIPI_Jelly_Beans_4.1.07.tiff.jpg
18,8ce60d1f-85a5-49a8-a838-59b1cd66f109,https://upload.wikimedia.org/wikipedia/commons/thumb/b/b6/SIPI_Jelly_Beans_4.1.07.tiff/lossy-page1-440px-SIPI_Jelly_Beans_4.1.07.tiff.jpg
19,0914e917-fe42-4977-a09e-65261429973f,https://upload.wikimedia.org/wikipedia/commons/thumb/b/b6/SIPI_Jelly_Beans_4.1.07.tiff/lossy-page1-440px-SIPI_Jelly_Beans_4.1.07.tiff.jpg
20,e6871503-045f-400b-b383-a3e2195f9299,https://upload.wikimedia.org/wikipedia/commons/thumb/b/b6/SIPI_Jelly_Beans_4.1.07.tiff/lossy-page1-440px-SIPI_Jelly_Beans_4.1.07.tiff.jpg
21,9390fd69-12b4-4e5a-b139-5982e2a25de8,https://upload.wikimedia.org/wikipedia/commons/thumb/b/b6/SIPI_Jelly_Beans_4.1.07.tiff/lossy-page1-440px-SIPI_Jelly_Beans_4.1.07.tiff.jpg
22,7233962c-4d80-46c4-a925-d4c5cddba034,https://upload.wikimedia.org/wikipedia/commons/thumb/b/b6/SIPI_Jelly_Beans_4.1.07.tiff/lossy-page1-440px-SIPI_Jelly_Beans_4.1.07.tiff.jpg
23,ce76d736-f4a1-486c-ae1d-740db4834b6a,https://upload.wikimedia.org/wikipedia/commons/thumb/b/b6/SIPI_Jelly_Beans_4.1.07.tiff/lossy-page1-440px-SIPI_Jelly_Beans_4.1.07.tiff.jpg
24,3dd8e220-d147-4761-8fd8-639ac6be1cd4,https://upload.wikimedia.org/wikipedia/commons/thumb/b/b6/SIPI_Jelly_Beans_4.1.07.tiff/lossy-page1-440px-SIPI_Jelly_Beans_4.1.07.tiff.jpg
25,3f6e84c2-2309-44f3-b553-0c3dfa12a9f0,https://upload.wikimedia.org/wikipedia/commons/thumb/b/b6/SIPI_Jelly_Beans_4.1.07.tiff/lossy-page1-440px-SIPI_Jelly_Beans_4.1.07.tiff.jpg
26,4ec37247-5b27-46a4-abe5-7f8188cacbbe,https://upload.wikimedia.org/wikipedia/commons/thumb/b/b6/SIPI_Jelly_Beans_4.1.07.tiff/lossy-page1-440px-SIPI_Jelly_Beans_4.1.07.tiff.jpg
27,17fbab2f-2784-4b46-9eb9-bec016130634,https://upload.wikimedia.org/wikipedia/commons/thumb/b/b6/SIPI_Jelly_Beans_4.1.07.tiff/lossy-page1-440px-SIPI_Jelly_Beans_4.1.07.tiff.jpg
28,269a1e4a-6cd9-4d51-bb45-5d384e6f14c1,https://upload.wikimedia.org/wikipedia/commons/thumb/b/b6/SIPI_Jelly_Beans_4.1.07.tiff/lossy-page1-440px-SIPI_Jelly_Beans_4.1.07.tiff.jpg
29,9ee43a70-5215-41ba-9e80-b22a96e472f9,https://upload.wikimedia.org/wikipedia/commons/thumb/b/b6/SIPI_Jelly_Beans_4.1.07.tiff/lossy-page1-440px-SIPI_Jelly_Beans_4.1.07.tiff.jpg
30,e96cb184-63b1-4a8e-af85-f255412cfb89,https://upload.wikimedia.org/wikipedia/commons/thumb/b/b6/SIPI_Jelly_Beans_4.1.07.tiff/lossy-page1-440px-SIPI_Jelly_Beans_4.1.07.tiff.jpg
31,2cb8a4ce-100a-47fa-865b-fbfc82d4f74e,https://upload.wikimedia.org/wikipedia/commons/thumb/b/b6/SIPI_Jelly_Beans_4.1.07.tiff/lossy-page1-440px-SIPI_Jelly_Beans_4.1.07.tiff.jpg
32,8ff5efe3-02c3-413b-bfa7-48149a9f6fa5,https://upload.wikimedia.org/wikipedia/commons/thumb/b/b6/SIPI_Jelly_Beans_4.1.07.tiff/lossy-page1-440px-SIPI_Jelly_Beans_4.1.07.tiff.jpg
33,28d8d4e0-e3bb-4687-a8d9-7e9a5d28a2eb,https://upload.wikimedia.org/wikipedia/commons/thumb/b/b6/SIPI_Jelly_Beans_4.1.07.tiff/lossy-page1-440px-SIPI_Jelly_Beans_4.1.07.tiff.jpg
34,07127a5f-fc48-40ee-80ff-ec55a9207ca7,https://upload.wikimedia.org/wikipedia/commons/thumb/b/b6/SIPI_Jelly_Beans_4.1.07.tiff/lossy-page1-440px-SIPI_Jelly_Beans_4.1.07.tiff.jpg
35,08516914-bfcc-4b79-83a6-13a53e4a432c,https://upload.wikimedia.org/wikipedia/commons/thumb/b/b6/SIPI_Jelly_Beans_4.1.07.tiff/lossy-page1-440px-SIPI_Jelly_Beans_4.1.07.tiff.jpg
36,0f2d42e6-6cf9-4036-828c-d18fa8a2aa9e,https://upload.wikimedia.org/wikipedia/commons/thumb/b/b6/SIPI_Jelly_Beans_4.1.07.tiff/lossy-page1-440px-SIPI_Jelly_Beans_4.1.07.tiff.jpg
37,360fb51d-37be-4097-b118-1d7c05fc6ee9,https://upload.wikimedia.org/wikipedia/commons/thumb/b/b6/SIPI_Jelly_Beans_4.1.07.tiff/lossy-page1-440px-SIPI_Jelly_Beans_4.1.07.tiff.jpg
38,cefe35ff-f79e-4439-9c1a-a2a9012a75da,https://upload.wikimedia.org/wikipedia/commons/thumb/b/b6/SIPI_Jelly_Beans_4.1.07.tiff/lossy-page1-440px-SIPI_Jelly_Beans_4.1.07.tiff.jpg
39,1b5fe2f6-df52-4cc8-89b9-e0fe8a2e5e50,https://upload.wikimedia.org/wikipedia/commons/thumb/b/b6/SIPI_Jelly_Beans_4.1.07.tiff/lossy-page1-440px-SIPI_Jelly_Beans_4.1.07.tiff.jpg
40,2879ccb9-c767-46c1-89d4-c065a9406629,https://upload.wikimedia.org/wikipedia/commons/thumb/b/b6/SIPI_Jelly_Beans_4.1.07.tiff/lossy-page1-440px-SIPI_Jelly_Beans_4.1.07.tiff.jpg
41,1c581478-3917-442f-a3e6-9b0d879337f6,https://upload.wikimedia.org/wikipedia/commons/thumb/b/b6/SIPI_Jelly_Beans_4.1.07.tiff/lossy-page1-440px-SIPI_Jelly_Beans_4.1.07.tiff.jpg
42,dd1a469d-2b6a-4102-8495-fd5563725ecd,https://upload.wikimedia.org/wikipedia/commons/thumb/b/b6/SIPI_Jelly_Beans_4.1.07.tiff/lossy-page1-440px-SIPI_Jelly_Beans_4.1.07.tiff.jpg
43,bd99bcec-14f2-4d66-9b2e-e95d4f3f2d09,https://upload.wikimedia.org/wikipedia/commons/thumb/b/b6/SIPI_Jelly_Beans_4.1.07.tiff/lossy-page1-440px-SIPI_Jelly_Beans_4.1.07.tiff.jpg
44,d65e0585-e513-44be-852a-3fd6cbf15fda,https://upload.wikimedia.org/wikipedia/commons/thumb/b/b6/SIPI_Jelly_Beans_4.1.07.tiff/lossy-page1-440px-SIPI_Jelly_Beans_4.1.07.tiff.jpg
45,6bd269a4-87c5-4394-8ef5-60b97d3ed631,https://upload.wikimedia.org/wikipedia/commons/thumb/b/b6/SIPI_Jelly_Beans_4.1.07.tiff/lossy-page1-440px-SIPI_Jelly_Beans_4.1.07.tiff.jpg
46,04edb686-dbbf-47ba-86e0-7a5ef0d6772d,https://upload.wikimedia.org/wikipedia/commons/thumb/b/b6/SIPI_Jelly_Beans_4.1.07.tiff/lossy-page1-440px-SIPI_Jelly_Beans_4.1.07.tiff.jpg
47,8ab7a2b4-5322-41ac-a93f-e9cce4199ecd,https://upload.wikimedia.org/wikipedia/commons/thumb/b/b6/SIPI_Jelly_Beans_4.1.07.tiff/lossy-page1-440px-SIPI_Jelly_Beans_4.1.07.tiff.jpg
48,f9e02c93-4e11-4954-ac12-6d2e83b05b0a,https://upload.wikimedia.org/wikipedia/commons/thumb/b/b6/SIPI_Jelly_Beans_4.1.07.tiff/lossy-page1-440px-SIPI_Jelly_Beans_4.1.07.tiff.jpg
49,3397e05b-e93e-4d1d-97fd-52863e654287,https://upload.wikimedia.org/wikipedia/commons/thumb/b/b6/SIPI_Jelly_Beans_4.1.07.tiff/lossy-page1-440px-SIPI_Jelly_Beans_4.1.07.tiff.jpg
50,0fe0592e-d98f-41b1-b73b-8da9a01861d3,https://upload.wikimedia.org/wikipedia/commons/thumb/b/b6/SIPI_Jelly_Beans_4.1.07.tiff/lossy-page1-440px-SIPI_Jelly_Beans_4.1.07.tiff.jpg
